,x,y,d
0,0,0,0
1,957,135,0
2,149,141,83
3,1,96,52
4,228,268,73
5,781,529,70
6,867,797,86
7,109,53,51
8,13,449,74
9,133,293,84
10,259,172,52
11,908,678,93
12,930,867,91
13,903,766,89
14,143,263,64
15,735,501,75
16,259,253,64
17,59,62,61
18,737,464,2
19,925,587,86
20,16,404,95
21,893,720,100
22,131,188,73
23,226,228,61
24,285,68,83
25,113,323,60
26,67,307,85
27,797,381,48
28,804,573,66
29,892,838,70
30,307,141,91
31,40,347,54
32,933,708,55
33,906,725,64
34,242,231,56
35,310,255,62
36,183,308,89
37,57,153,100
38,122,254,96
39,1,437,67
40,83,548,21
41,872,427,15
42,118,317,55
43,100,402,58
44,54,335,84
45,180,118,85
46,875,774,91
47,792,774,55
48,92,166,79
49,890,821,79
50,184,6,82
51,189,299,91
52,230,234,89
53,61,728,22
54,147,501,31
55,180,371,85
56,756,455,22
57,121,248,72
58,747,756,59
59,890,825,95
60,275,63,99
61,67,131,98
62,96,15,54
63,709,611,96
64,893,822,69
65,121,170,97
66,770,580,67
67,122,320,80
68,695,626,65
69,712,670,86
70,101,98,90
71,824,813,72
72,256,265,69
73,726,553,80
74,248,359,72
75,864,742,62
76,149,74,78
77,872,329,24
78,847,817,88
79,864,575,70
80,976,818,71
81,193,126,76
82,79,88,93
83,97,403,64
84,284,424,80
85,907,842,91
86,808,590,75
87,146,120,81
88,66,480,79
89,824,634,71
90,9,421,51
91,152,157,65
92,318,223,68
93,853,307,39
94,184,277,69
95,268,379,55
96,183,236,100
97,93,217,98
98,207,439,87
99,280,417,55
100,80,110,79
101,20,67,68
102,142,384,99
103,165,63,52
104,62,410,99
105,176,261,85
106,223,301,77
107,830,608,51
108,7,164,55
109,188,108,54
110,770,537,70
111,168,99,88
112,641,321,9
113,174,165,91
114,886,816,65
115,53,303,67
116,216,377,93
117,214,261,70
118,104,44,73
119,393,114,98
120,222,51,64
121,261,355,68
122,894,577,100
123,35,285,66
124,93,509,8
125,127,150,98
126,873,468,15
127,60,105,71
128,133,232,92
129,147,252,72
130,778,547,76
131,227,403,76
132,46,419,93
133,82,381,97
134,83,80,79
135,43,466,99
136,246,330,58
137,337,216,84
138,83,205,82
139,9,55,86
140,127,123,77
141,121,449,75
142,72,189,59
143,771,491,24
144,73,201,69
145,181,188,95
146,727,549,83
147,26,332,53
148,221,419,56
149,17,212,57
150,59,359,67
151,798,525,62
152,714,613,62
153,91,419,91
154,229,353,60
155,875,568,71
156,241,285,68
157,236,368,84
158,45,86,64
159,446,310,71
160,128,366,82
161,163,168,59
162,322,272,72
163,958,864,95
164,754,814,63
165,136,184,94
166,111,119,92
167,120,300,98
168,686,372,14
169,32,68,85
170,224,70,52
171,113,76,85
172,228,73,96
173,216,34,62
174,218,360,76
175,157,167,72
176,58,242,94
177,84,263,52
178,330,253,51
179,903,822,54
180,900,858,96
181,270,381,96
182,15,37,82
183,79,523,10
184,207,329,54
185,130,274,82
186,870,860,58
187,791,305,28
188,13,535,37
189,800,823,90
190,224,244,91
191,580,504,95
192,88,389,89
193,3,172,88
194,62,499,100
195,791,692,87
196,186,373,66
197,300,26,88
198,52,204,74
199,163,305,70
200,135,270,80
